﻿{"cameraMode":{"drawMode":0,"name":"Shaded","section":"Shading Mode"},"sceneLighting":true,"audioPlay":false,"sceneViewState":{"showFog":true,"showMaterialUpdate":false,"showSkybox":true,"showFlares":true,"showImageEffects":true,"showParticleSystems":true},"in2DMode":false,"pivot":{"x":-1.8655555248260499,"y":-1.3679702281951905,"z":1.798621416091919},"rotation":{"x":-0.17422166466712953,"y":0.371212363243103,"z":-0.07112571597099304,"w":-0.9092795848846436},"size":6.5259480476379398,"orthographic":false}