﻿{"cameraMode":{"drawMode":0,"name":"Shaded","section":"Shading Mode"},"sceneLighting":true,"audioPlay":false,"sceneViewState":{"showFog":true,"showMaterialUpdate":false,"showSkybox":true,"showFlares":true,"showImageEffects":true,"showParticleSystems":true},"in2DMode":false,"pivot":{"x":-1.5325337648391724,"y":1.791553020477295,"z":9.979013442993164},"rotation":{"x":0.18020722270011903,"y":-0.6652387976646423,"z":0.17021822929382325,"w":0.7042811512947083},"size":12.576491355895996,"orthographic":false}